site_id,name,state,zone,latitude,longitude,elevation_m,distance_to_coast_km,terrain_type
churu,Churu,Rajasthan,thar,28.3041,74.9672,292.0,701.3,plains
phalodi,Phalodi,Rajasthan,thar,27.131,72.3683,231.0,484.4,plains
jaisalmer,Jaisalmer,Rajasthan,thar,26.9176,70.9039,237.0,397.5,plains
barmer,Barmer,Rajasthan,thar,25.7457,71.3921,207.0,305.7,plains
bikaner,Bikaner,Rajasthan,thar,28.0176,73.3149,232.0,614.0,plains
sri-ganganagar,Sri Ganganagar,Rajasthan,thar,29.9201,73.875,177.0,827.6,plains
jodhpur,Jodhpur,Rajasthan,thar,26.2684,73.0059,240.0,433.1,plains
kota,Kota,Rajasthan,thar,25.1825,75.8391,263.0,439.6,plains
jaipur,Jaipur,Rajasthan,thar,26.9196,75.7878,438.0,592.6,plains
ahmedabad,Ahmedabad,Gujarat,west_semiarid,23.0258,72.5873,53.0,76.6,plains
rajkot,Rajkot,Gujarat,west_semiarid,22.2916,70.7932,138.0,69.6,plains
delhi,Delhi,Delhi,igp,28.6519,77.2315,231.0,831.0,plains
hisar,Hisar,Haryana,igp,29.1539,75.7229,217.0,814.9,plains
ludhiana,Ludhiana,Punjab,igp,30.912,75.8538,252.0,1003.6,plains
amritsar,Amritsar,Punjab,igp,31.6223,74.8753,246.0,1039.6,plains
agra,Agra,Uttar Pradesh,igp,27.1833,78.0167,170.0,750.6,plains
lucknow,Lucknow,Uttar Pradesh,igp,26.8393,80.9231,127.0,860.3,plains
kanpur,Kanpur,Uttar Pradesh,igp,26.4652,80.3498,137.0,878.5,plains
prayagraj,Prayagraj,Uttar Pradesh,igp,25.4448,81.8432,97.0,691.1,plains
banda,Banda,Uttar Pradesh,igp,25.4776,80.3349,125.0,811.0,plains
jhansi,Jhansi,Uttar Pradesh,igp,25.4589,78.5799,250.0,676.1,plains
varanasi,Varanasi,Uttar Pradesh,igp,25.3167,83.0104,84.0,593.4,plains
gorakhpur,Gorakhpur,Uttar Pradesh,igp,26.7663,83.3689,82.0,666.5,plains
patna,Patna,Bihar,igp,25.5941,85.1356,51.0,451.6,plains
gaya,Gaya,Bihar,igp,24.7969,85.0038,117.0,397.0,plains
bhagalpur,Bhagalpur,Bihar,igp,25.2445,86.9718,51.0,327.9,plains
nagpur,Nagpur,Maharashtra,central,21.1463,79.0849,315.0,564.5,plains
chandrapur,Chandrapur,Maharashtra,central,19.9508,79.2952,184.0,452.1,plains
wardha,Wardha,Maharashtra,central,20.7393,78.5978,292.0,564.3,plains
akola,Akola,Maharashtra,central,20.7096,76.9981,285.0,417.7,plains
bhopal,Bhopal,Madhya Pradesh,central,23.2547,77.4029,525.0,469.4,plains
indore,Indore,Madhya Pradesh,central,22.7179,75.8333,554.0,298.0,plains
gwalior,Gwalior,Madhya Pradesh,central,26.2298,78.1734,221.0,691.1,plains
jabalpur,Jabalpur,Madhya Pradesh,central,23.167,79.9501,412.0,665.9,plains
khajuraho,Khajuraho,Madhya Pradesh,central,24.8481,79.9335,216.0,770.2,plains
raipur,Raipur,Chhattisgarh,central,21.2333,81.6333,294.0,398.8,plains
bilaspur,Bilaspur,Chhattisgarh,central,22.08,82.1554,262.0,411.7,plains
jharsuguda,Jharsuguda,Odisha,east_inland,21.8553,84.007,222.0,263.9,plains
titlagarh,Titlagarh,Odisha,east_inland,20.2896,83.1523,216.0,209.4,plains
sambalpur,Sambalpur,Odisha,east_inland,21.4653,83.9757,150.0,230.8,plains
angul,Angul,Odisha,east_inland,20.8409,85.1019,124.0,110.8,plains
ranchi,Ranchi,Jharkhand,east_inland,23.3432,85.3094,643.0,275.2,plains
daltonganj,Daltonganj,Jharkhand,east_inland,24.0397,84.0658,225.0,419.3,plains
asansol,Asansol,West Bengal,east_inland,23.6833,86.9833,117.0,169.4,plains
bankura,Bankura,West Bengal,east_inland,23.2324,87.0716,93.0,124.7,plains
pune,Pune,Maharashtra,deccan,18.5196,73.8554,555.0,87.8,plains
solapur,Solapur,Maharashtra,deccan,17.6715,75.9104,477.0,286.0,plains
aurangabad,Aurangabad,Maharashtra,deccan,19.8776,75.3423,587.0,251.9,plains
hyderabad,Hyderabad,Telangana,deccan,17.384,78.4564,515.0,269.8,plains
ramagundam,Ramagundam,Telangana,deccan,18.8008,79.4521,145.0,334.7,plains
nizamabad,Nizamabad,Telangana,deccan,18.6715,78.0988,389.0,401.7,plains
kurnool,Kurnool,Andhra Pradesh,deccan,15.8289,78.036,285.0,227.7,plains
anantapur,Anantapur,Andhra Pradesh,deccan,14.6778,77.6081,349.0,265.6,plains
vijayawada,Vijayawada,Andhra Pradesh,deccan,16.5074,80.6466,28.0,59.5,plains
raichur,Raichur,Karnataka,deccan,16.2055,77.3557,400.0,309.4,plains
kalaburagi,Kalaburagi,Karnataka,deccan,17.3358,76.8376,473.0,370.6,plains
bengaluru,Bengaluru,Karnataka,deccan,12.9719,77.5937,918.0,263.4,plains
vellore,Vellore,Tamil Nadu,deccan,12.9184,79.1325,215.0,117.4,plains
madurai,Madurai,Tamil Nadu,deccan,9.919,78.1195,139.0,96.6,plains
tiruchirappalli,Tiruchirappalli,Tamil Nadu,deccan,10.8155,78.6965,81.0,90.0,plains
palakkad,Palakkad,Kerala,deccan,10.7732,76.6537,88.0,71.9,plains
mumbai,Mumbai,Maharashtra,west_coast,19.0728,72.8826,8.0,5.0,coastal
ratnagiri,Ratnagiri,Maharashtra,west_coast,16.9915,73.3102,65.0,3.1,coastal
panaji,Panaji,Goa,west_coast,15.4957,73.8262,12.0,0.4,coastal
mangaluru,Mangaluru,Karnataka,west_coast,12.9172,74.856,22.0,5.5,coastal
kozhikode,Kozhikode,Kerala,west_coast,11.248,75.7804,8.0,1.3,coastal
kochi,Kochi,Kerala,west_coast,9.9399,76.2602,6.0,1.6,coastal
thiruvananthapuram,Thiruvananthapuram,Kerala,west_coast,8.4855,76.9492,12.0,3.7,coastal
veraval,Veraval,Gujarat,west_coast,20.9077,70.3679,11.0,1.0,coastal
dwarka,Dwarka,Gujarat,west_coast,22.2394,68.9678,11.0,1.2,coastal
kolkata,Kolkata,West Bengal,east_coast,22.5626,88.363,11.0,46.7,coastal
digha,Digha,West Bengal,east_coast,21.6278,87.5196,7.0,0.4,coastal
puri,Puri,Odisha,east_coast,19.7982,85.8249,11.0,1.5,coastal
paradip,Paradip,Odisha,east_coast,20.3164,86.6085,8.0,8.8,coastal
visakhapatnam,Visakhapatnam,Andhra Pradesh,east_coast,17.6801,83.2016,21.0,5.3,coastal
machilipatnam,Machilipatnam,Andhra Pradesh,east_coast,16.1875,81.1389,6.0,7.1,coastal
chennai,Chennai,Tamil Nadu,east_coast,13.0878,80.2785,15.0,2.0,coastal
nellore,Nellore,Andhra Pradesh,east_coast,14.4499,79.987,21.0,20.4,coastal
nagapattinam,Nagapattinam,Tamil Nadu,east_coast,10.7638,79.8431,9.0,0.5,coastal
shimla,Shimla,Himachal Pradesh,hills,31.1044,77.1666,2122.0,1068.5,hilly
manali,Manali,Himachal Pradesh,hills,32.2574,77.1748,2133.0,1186.8,hilly
dehradun,Dehradun,Uttarakhand,igp_foothills,30.3244,78.0339,660.0,1030.1,plains
mussoorie,Mussoorie,Uttarakhand,hills,30.455,78.0707,1824.0,1044.4,hilly
srinagar,Srinagar,Jammu and Kashmir,hills,34.0857,74.8055,1592.0,1240.9,hilly
leh,Leh,Ladakh,hills,34.165,77.584,3507.0,1398.4,hilly
darjeeling,Darjeeling,West Bengal,hills,27.0333,88.2667,2129.0,443.8,hilly
gangtok,Gangtok,Sikkim,hills,27.3257,88.6122,1636.0,456.7,hilly
shillong,Shillong,Meghalaya,hills,25.5689,91.8831,1495.0,253.3,hilly
ooty,Ooty,Tamil Nadu,hills,11.4134,76.6952,2241.0,100.4,hilly
kodaikanal,Kodaikanal,Tamil Nadu,hills,10.2393,77.4893,2091.0,127.8,hilly
guwahati,Guwahati,Assam,northeast,26.1844,91.7458,60.0,308.8,plains
silchar,Silchar,Assam,northeast,24.8273,92.7979,22.0,252.1,plains
imphal,Imphal,Manipur,northeast,24.8081,93.9442,781.0,327.6,plains
agartala,Agartala,Tripura,northeast,23.8361,91.2794,13.0,66.4,plains
port-blair,Port Blair,Andaman and Nicobar Islands,islands,11.6661,92.7464,38.0,1.2,coastal
kavaratti,Kavaratti,Lakshadweep,islands,10.5669,72.642,14.0,0.4,coastal
mount-abu,Mount Abu,Rajasthan,hills,24.5937,72.7176,1177.0,250.4,hilly
nainital,Nainital,Uttarakhand,hills,29.3974,79.4469,2071.0,1026.7,hilly
almora,Almora,Uttarakhand,hills,29.5971,79.6591,1604.0,1056.9,hilly
dharamshala,Dharamshala,Himachal Pradesh,hills,32.2201,76.3201,1379.0,1155.6,hilly
kohima,Kohima,Nagaland,hills,25.6747,94.111,1461.0,407.1,hilly
aizawl,Aizawl,Mizoram,hills,23.7289,92.7179,1082.0,155.7,hilly
munnar,Munnar,Kerala,hills,10.0882,77.0624,1461.0,78.1,hilly
mahabaleshwar,Mahabaleshwar,Maharashtra,hills,17.9232,73.6586,1361.0,60.4,hilly
madikeri,Madikeri,Karnataka,hills,12.426,75.7382,1143.0,62.6,hilly
pachmarhi,Pachmarhi,Madhya Pradesh,hills,22.4679,78.4331,1062.0,552.1,hilly
porbandar,Porbandar,Gujarat,west_coast,21.6422,69.6093,8.0,1.5,coastal
karwar,Karwar,Karnataka,west_coast,14.8136,74.1297,10.0,2.1,coastal
kannur,Kannur,Kerala,west_coast,11.8675,75.3576,15.0,0.8,coastal
thoothukudi,Thoothukudi,Tamil Nadu,east_coast,8.7674,78.1342,1.0,3.4,coastal
rameswaram,Rameswaram,Tamil Nadu,east_coast,9.2885,79.3127,11.0,3.0,coastal
kakinada,Kakinada,Andhra Pradesh,east_coast,16.9604,82.2381,8.0,3.0,coastal
cuddalore,Cuddalore,Tamil Nadu,east_coast,11.7562,79.7669,7.0,1.9,coastal
balasore,Balasore,Odisha,east_coast,21.4927,86.9335,20.0,11.2,coastal
