location_id,date,feature,feature_value,shap_value,direction
BENG_01,2024-12-30,temp_max_lag_1,26.9,-1.7440944349829526,decreases_prediction
BENG_01,2024-12-30,normal_max_temp,26.12943548387097,-0.8916283271925752,decreases_prediction
BENG_01,2024-12-30,temp_max_rolling_7,26.685714285714283,0.836624847671289,increases_prediction
BENG_01,2024-12-30,temp_max_rolling_3,26.166666666666647,0.8204720013153071,increases_prediction
BENG_01,2024-12-30,departure,-0.4294354838709715,-0.40565224527919636,decreases_prediction
BENG_01,2024-12-30,day_of_year,365.0,-0.15975922975755752,decreases_prediction
BENG_01,2024-12-30,temp_max_lag_3,25.4,-0.046167405565043104,decreases_prediction
BENG_01,2024-12-30,temp_max_lag_2,26.2,-0.03578847408848939,decreases_prediction
BENG_01,2024-12-30,temp_trend_3d,1.5,-0.025831676846442008,decreases_prediction
BENG_01,2024-12-30,humidity_lag_1,73.0,-0.022111019813443038,decreases_prediction
DEL_01,2024-12-30,temp_max_rolling_3,17.833333333333343,-3.0569523108257592,decreases_prediction
DEL_01,2024-12-30,temp_max_rolling_7,19.0,-2.8491531222119764,decreases_prediction
DEL_01,2024-12-30,temp_max_lag_1,18.3,-1.3299953745070663,decreases_prediction
DEL_01,2024-12-30,departure,-3.3475806451612904,-1.1502380872202898,decreases_prediction
DEL_01,2024-12-30,day_of_year,365.0,-0.28380793210080457,decreases_prediction
DEL_01,2024-12-30,latitude,28.6139,-0.07768813481358224,decreases_prediction
DEL_01,2024-12-30,humidity_lag_1,86.0,-0.046670766289901924,decreases_prediction
DEL_01,2024-12-30,wind_lag_1,9.6,-0.04208573285504543,decreases_prediction
DEL_01,2024-12-30,temp_max_lag_3,17.1,-0.03871449961490304,decreases_prediction
DEL_01,2024-12-30,precip_3d,34.50000000000003,0.026106821453704358,increases_prediction
MUM_01,2024-12-30,departure,2.2342741935483907,1.3627318395238874,increases_prediction
MUM_01,2024-12-30,temp_max_rolling_3,29.50000000000001,1.25068965547666,increases_prediction
MUM_01,2024-12-30,temp_max_rolling_7,28.942857142857143,1.1012942048867347,increases_prediction
MUM_01,2024-12-30,normal_max_temp,30.36572580645161,0.3692692138975383,increases_prediction
MUM_01,2024-12-30,day_of_year,365.0,-0.17987916219815867,decreases_prediction
MUM_01,2024-12-30,temp_max_lag_1,30.4,0.16882859697501554,increases_prediction
MUM_01,2024-12-30,temp_min_lag_1,22.2,-0.054239095944772074,decreases_prediction
MUM_01,2024-12-30,humidity_lag_1,69.0,-0.05255796496216727,decreases_prediction
MUM_01,2024-12-30,wind_lag_1,12.3,-0.03162313192796002,decreases_prediction
MUM_01,2024-12-30,temp_max_lag_2,29.9,-0.0219925623692785,decreases_prediction
PUNE_01,2024-12-30,temp_max_rolling_3,30.066666666666663,1.198151817513869,increases_prediction
PUNE_01,2024-12-30,temp_max_rolling_7,29.47142857142857,1.1052061420521708,increases_prediction
PUNE_01,2024-12-30,departure,2.032258064516128,1.0450801894945714,increases_prediction
PUNE_01,2024-12-30,temp_max_lag_1,30.6,0.2623920742925515,increases_prediction
PUNE_01,2024-12-30,normal_max_temp,28.66774193548387,-0.24578613905138444,decreases_prediction
PUNE_01,2024-12-30,day_of_year,365.0,-0.1905092179570072,decreases_prediction
PUNE_01,2024-12-30,wind_lag_1,7.6,-0.03210525704435083,decreases_prediction
PUNE_01,2024-12-30,temp_max_lag_3,29.9,-0.025820988091109963,decreases_prediction
PUNE_01,2024-12-30,temp_trend_3d,0.7000000000000028,-0.02527784649135595,decreases_prediction
PUNE_01,2024-12-30,temp_max_lag_2,29.7,-0.01647796986689963,decreases_prediction
SHIM_01,2024-12-30,temp_max_rolling_3,8.900000000000015,-5.867865265559909,decreases_prediction
SHIM_01,2024-12-30,temp_max_rolling_7,7.814285714285715,-5.418807536761507,decreases_prediction
SHIM_01,2024-12-30,temp_max_lag_1,10.3,-4.293833819004009,decreases_prediction
SHIM_01,2024-12-30,normal_max_temp,10.741532258064517,-1.1434600551449194,decreases_prediction
SHIM_01,2024-12-30,departure,1.858467741935483,0.9395024621861554,increases_prediction
SHIM_01,2024-12-30,latitude,31.1048,-0.11062469862176172,decreases_prediction
SHIM_01,2024-12-30,precip_3d,34.6,-0.06496679470061047,decreases_prediction
SHIM_01,2024-12-30,temp_min_lag_1,-3.5,-0.05901649586254661,decreases_prediction
SHIM_01,2024-12-30,temp_max_lag_3,10.0,-0.02731344635964567,decreases_prediction
SHIM_01,2024-12-30,day_of_year,365.0,-0.023852833834360047,decreases_prediction
