feature,mean_abs_shap
temp_max_lag_1,1.7702562277106757
temp_max_rolling_3,1.7468513291571999
temp_max_rolling_7,1.7389866969563055
normal_max_temp,0.8023509547668298
departure,0.7200494013827337
day_of_year,0.09081239681372799
humidity_lag_1,0.0399783666241775
latitude,0.036122296919892015
temp_min_lag_1,0.03334061814706855
wind_lag_1,0.03218109208463871
precip_3d,0.026929384164167722
temp_max_lag_2,0.023125538160452253
temp_max_lag_3,0.02108420738216646
temp_trend_3d,0.02008457254605034
longitude,0.008761578002094638
month,0.005919252328259027
